city,city_label,listing_count,median_unit_price_yuan_m2,mean_unit_price_yuan_m2,median_total_price_10k_yuan,median_area_m2
深圳,Shenzhen,21,38320.0,39457.90476190476,330.0,88.0
厦门,Xiamen,43,32249.0,32174.232558139534,370.0,101.0
建德,Jiande,52,31925.5,30639.865384615383,295.0,89.08500000000001
杭州,Hangzhou,73,31250.0,29685.45205479452,299.0,89.0
上海,Shanghai,72,31238.5,29969.23611111111,232.5,78.5
淳安,Chun'an,58,30451.5,29314.431034482757,283.5,88.5
三亚,Sanya,73,27381.0,28895.31506849315,272.0,102.0
镇海,Zhenhai,66,27338.0,26251.363636363636,249.5,101.1
乐清,Yueqing,49,26280.0,26752.73469387755,352.0,133.76
宁波,Ningbo,100,25684.5,24868.4,255.0,105.15
永泰,Yongtai,34,25170.5,26431.70588235294,229.0,95.985
福州,Fuzhou,66,25027.0,26186.439393939392,242.0,95.58500000000001
苏州,Suzhou,99,24837.0,25974.76767676768,229.0,95.0
长乐,Changle,51,24543.0,24738.49019607843,230.0,97.0
宁海,宁海,81,24510.0,23183.14814814815,233.8,101.76
桐庐,桐庐,87,24419.0,26356.83908045977,210.0,89.0
温州,Wenzhou,81,24307.0,23989.64197530864,260.0,112.0
罗源,Luoyuan,46,23852.5,24588.32608695652,244.0,104.5
涞水,涞水,25,23438.0,25049.52,175.0,79.0
瑞安,瑞安,45,23158.0,23305.28888888889,277.0,129.0
象山,象山,124,22885.5,21601.959677419356,222.5,108.5
蓟州,蓟州,61,22798.0,23700.180327868853,220.0,92.0
闽清,Minqing,40,22749.5,24123.2,193.05,89.85
南京,Nanjing,72,22748.5,24508.680555555555,184.0,88.0
连江,Lianjiang,22,22666.5,23656.954545454544,213.5,97.53
广州,Guangzhou,82,22540.0,27032.29268292683,218.5,87.35
天津,Tianjin,92,22418.5,24585.293478260868,216.5,91.815
高淳,高淳,90,21748.0,23650.744444444445,179.0,84.25
平潭,Pingtan,31,21586.0,26040.0,200.0,104.0
崇州,崇州,35,21214.0,21883.571428571428,197.0,96.0
东莞,Dongguan,100,20429.0,20839.07,215.5,98.0
金堂,金堂,59,20203.0,21522.661016949154,200.0,101.0
新津,新津,59,20000.0,21252.525423728814,190.0,92.0
大邑,大邑,78,19429.5,20278.115384615383,186.5,101.0
武汉,Wuhan,52,19394.5,19621.94230769231,157.5,91.945
平阴,平阴,67,19149.0,19648.238805970148,190.0,105.0
济阳,济阳,72,19004.5,18885.86111111111,175.5,99.45
丽水,丽水,108,18983.5,18301.833333333332,165.0,93.5
无锡,Wuxi,95,18898.0,19144.968421052632,184.0,100.41
珠海,珠海,97,18681.0,22244.9587628866,178.0,94.0
南通,Nantong,78,18586.0,18725.80769230769,179.0,99.5
汉南,汉南,70,18512.5,18425.614285714284,169.0,95.955
济南,济南,100,18416.5,19402.3,209.0,108.475
常熟,常熟,129,17500.0,16782.565891472866,165.0,95.0
商河,商河,53,16968.0,18204.716981132075,169.0,115.0
衢州,衢州,110,16742.5,17214.8,165.4,104.5
新乐,新乐,42,16625.0,16676.238095238095,167.5,101.28999999999999
金华,Jinhua,72,16580.5,17060.819444444445,169.5,100.0
成都,Chengdu,94,16547.0,18925.521276595744,157.5,88.685
舟山,舟山,95,16429.0,16195.663157894736,165.0,98.0
长清,长清,78,16334.5,18221.9358974359,179.5,107.53999999999999
青岛,Qingdao,92,16183.5,19895.380434782608,151.5,91.0
迁西,迁西,49,16118.0,16219.551020408164,178.0,116.31
常州,Changzhou,100,15981.0,16763.79,169.4,96.965
玉田,玉田,33,15816.0,16332.575757575758,180.0,118.0
滦南,滦南,32,15672.0,16289.59375,163.0,102.5
元氏,元氏,78,15610.0,16191.910256410256,151.0,95.875
周至,周至,66,15514.0,16253.818181818182,137.0,92.905
泉州,Quanzhou,49,15472.0,14594.040816326531,170.0,118.0
户县,户县,81,15439.0,16202.716049382716,150.0,96.23
石家庄,石家庄,40,15398.5,16427.3,141.5,93.13499999999999
晋州,晋州,100,15389.5,15858.07,143.6,97.0
温岭,温岭,73,15245.0,15082.493150684932,178.0,128.0
赵县,赵县,62,15210.0,15939.870967741936,135.5,92.25
台州,Taizhou,118,15168.0,15612.940677966102,189.4,133.265
郑州,Zhengzhou,100,15160.5,15660.5,135.0,92.9
无极,无极,73,15110.0,15540.287671232876,150.0,97.3
高陵,高陵,73,15104.0,15371.287671232876,149.8,96.0
乐亭,乐亭,68,15083.0,15170.926470588236,167.5,99.5
玉环,玉环,48,15055.5,15216.854166666666,141.5,105.36500000000001
临海,临海,77,15000.0,15388.363636363636,168.0,120.0
德化,德化,68,14920.0,15031.970588235294,156.0,115.0
安吉,安吉,119,14879.0,14791.974789915967,240.0,165.0
登封,登封,53,14828.0,14884.0,135.0,89.79
昆山,昆山,99,14815.0,15385.020202020201,150.0,94.0
邛崃,邛崃,53,14798.0,16747.830188679247,130.0,106.3
佛山,Foshan,100,14755.0,14637.04,135.5,95.0
巩义,巩义,67,14752.0,15847.641791044776,148.0,93.0
惠安,惠安,40,14678.0,14745.625,172.0,116.11500000000001
唐山,唐山,100,14650.0,14757.51,144.0,107.5
大连,Dalian,98,14621.5,15760.377551020409,134.0,91.215
琼海,琼海,27,14595.0,16445.0,100.0,60.0
西安,Xi'an,99,14563.0,15093.0,145.0,96.08
蓝田,蓝田,72,14411.5,15688.972222222223,136.5,96.5
姜堰,姜堰,103,14286.0,12985.019417475729,173.0,138.0
福安,福安,60,14023.0,13711.85,140.4,115.5
北京,Beijing,24,14019.0,18363.875,102.5,84.5
永登,永登,47,13810.0,13577.382978723404,145.0,103.0
扬州,扬州,82,13805.5,15216.060975609756,145.0,98.035
合肥,Hefei,95,13805.0,14073.505263157895,132.0,94.0
泉山,泉山,42,13706.5,14094.952380952382,132.5,97.0
溧阳,溧阳,143,13578.0,14014.216783216783,135.0,111.0
宁德,宁德,88,13557.0,13384.693181818182,147.0,120.5
张家港,张家港,120,13528.0,13691.341666666667,155.0,122.28999999999999
安溪,安溪,44,13483.0,13483.59090909091,129.95,115.0
铜山,铜山,46,13407.0,13496.695652173914,134.5,99.85
榆中,榆中,58,13324.5,13045.362068965518,133.5,99.72999999999999
徐州,徐州,98,13121.0,13125.448979591836,128.0,97.0
依兰,依兰,56,12984.5,12353.035714285714,120.5,98.275
庄河,庄河,77,12959.0,15002.64935064935,121.0,91.69
永春,永春,21,12929.0,12691.095238095239,135.0,117.8
肥东,肥东,47,12921.0,12892.765957446809,115.0,88.0
沧州,沧州,119,12824.0,12566.61344537815,120.0,90.0
大理,大理,121,12800.0,14054.355371900827,124.0,110.0
兰州,兰州,97,12766.0,13576.783505154639,129.0,100.0
肥西,肥西,54,12692.0,13025.37037037037,116.5,90.0
廊坊,廊坊,71,12568.0,12549.957746478873,110.0,86.0
东方,东方,114,12563.0,13073.67543859649,81.5,70.0
海安,海安,112,12454.5,13517.94642857143,145.0,111.0
泉港,泉港,26,12443.0,13037.346153846154,138.5,124.5
哈尔滨,哈尔滨,40,12384.0,11498.775,109.4,93.99000000000001
重庆,Chongqing,100,12320.5,13250.08,109.69999999999999,89.96000000000001
汕头,汕头,119,12292.0,12499.70588235294,151.0,126.0
保定,保定,95,12252.0,12234.494736842105,113.2,93.0
万宁,万宁,117,12241.0,13976.794871794871,90.0,74.49
文昌,文昌,99,12239.0,14663.808080808081,95.0,75.0
龙海,龙海,121,12202.0,12677.066115702479,136.4,103.2
孟津,孟津,31,12144.0,11692.387096774193,155.0,133.0
新安,新安,49,12143.0,11614.408163265307,140.0,128.12
如东,如东,115,12143.0,13276.939130434783,145.0,112.86
伊川,伊川,22,12133.0,12162.863636363636,150.5,133.12
泰州,泰州,60,12098.5,12551.666666666666,128.0,108.5
仪征,仪征,116,12077.0,12340.698275862069,117.4,104.11
芜湖,芜湖,119,12069.0,11773.10924369748,120.0,99.5
定兴,定兴,67,12041.0,12102.059701492537,118.0,93.0
汝阳,汝阳,49,12013.0,11743.57142857143,156.0,137.0
赣州,赣州,120,11993.0,11405.675,136.5,122.0
中山,中山,95,11961.0,12361.736842105263,125.0,105.0
偃师,偃师,30,11959.5,11576.966666666667,144.0,135.0
瑞金,瑞金,58,11959.0,11657.293103448275,129.0,117.5
巫山,巫山,81,11959.0,12196.074074074075,103.0,92.6
邕宁,邕宁,65,11946.0,12850.246153846154,125.0,99.0
洛阳,洛阳,70,11941.5,11698.6,140.0,134.5
宜阳,宜阳,42,11924.5,11923.119047619048,151.5,126.0
海南,海南,88,11920.0,13841.818181818182,83.0,70.5
盐城,盐城,113,11856.0,12415.690265486726,119.8,106.45
太仓,太仓,139,11792.0,12283.812949640287,112.0,93.0
江门,江门,72,11774.5,11685.541666666666,125.0,106.5
繁昌,繁昌,57,11742.0,12217.491228070176,135.0,116.0
望城,望城,78,11734.0,12832.551282051281,136.0,113.0
福清,福清,98,11718.5,12008.010204081633,144.0,138.0
清徐,清徐,100,11611.0,11802.17,115.0,96.0
阳曲,阳曲,74,11577.5,11584.108108108108,116.0,99.41
新密,新密,126,11566.0,11159.65873015873,105.0,104.5
三沙,三沙,72,11524.0,13729.013888888889,87.0,73.0
进贤,进贤,56,11498.5,12594.964285714286,110.0,102.0
阜宁,阜宁,60,11490.5,11517.9,121.0,103.45
巴彦,巴彦,61,11405.0,12517.442622950819,109.0,92.0
中牟,中牟,69,11389.0,11791.289855072464,111.0,100.0
长丰,长丰,72,11322.0,12896.0,105.5,92.0
太原,太原,55,11296.0,11543.727272727272,114.0,100.0
南昌,南昌,88,11246.0,12290.318181818182,107.0,89.8
日照,日照,100,11151.5,11197.16,120.0,118.0
乌鲁木齐,乌鲁木齐,61,11042.0,10301.72131147541,107.0,105.0
章丘,章丘,97,11034.0,13982.350515463917,132.0,120.0
烟台,烟台,100,10958.5,11401.16,106.0,98.0
南宁,南宁,99,10930.0,12215.68686868687,110.0,99.0
栖霞,栖霞,66,10881.0,11285.530303030304,99.5,98.0
法库,法库,86,10761.5,12028.860465116279,95.4,94.925
康平,康平,60,10726.5,11530.65,95.0,88.0
简阳,简阳,110,10624.0,14445.363636363636,115.0,99.16499999999999
长沙,Changsha,100,10571.0,11012.07,105.0,115.0
丽江,丽江,118,10561.0,12550.940677966102,76.0,76.5
横县,横县,71,10538.0,12520.112676056338,124.0,117.0
海门,海门,119,10444.0,10406.495798319327,120.0,120.0
宾阳,宾阳,84,10421.0,11713.25,115.0,108.5
德清,德清,77,10396.0,11970.415584415585,115.0,108.0
沈阳,沈阳,100,10341.5,11533.2,99.5,92.66
新郑,新郑,104,10221.0,10997.673076923076,99.0,96.0
巢湖,巢湖,106,10166.0,11041.5,97.5,92.64
惠州,惠州,96,10138.5,10827.197916666666,93.5,90.0
拉萨,拉萨,120,10134.0,9941.85,94.0,107.33
莆田,莆田,118,10103.5,11113.474576271186,120.5,120.38499999999999
湖州,湖州,129,10085.0,10796.286821705426,105.0,105.0
新民,新民,74,10080.5,10905.945945945947,95.5,96.95
兴化,兴化,108,10072.5,10414.222222222223,120.0,122.5
龙岩,龙岩,120,10000.0,10453.175,111.0,105.0
丰县,丰县,129,10000.0,9349.139534883721,93.0,106.0
湛江,湛江,140,10000.0,10333.421428571428,105.0,110.0
宜良,宜良,73,10000.0,10903.575342465754,110.0,108.0
阜阳,阜阳,120,10000.0,10069.808333333332,103.5,105.5
保山,保山,103,9992.0,12218.95145631068,99.0,99.83
榆树,榆树,100,9939.0,10218.74,93.0,89.785
任丘,任丘,110,9857.5,9882.245454545455,108.5,106.0
当阳,当阳,40,9825.0,10990.2,101.5,109.005
诸暨,诸暨,117,9790.0,11558.0,102.0,106.0
慈溪,慈溪,118,9786.0,9497.237288135593,93.0,99.0
淄博,淄博,120,9780.0,9568.733333333334,120.0,120.0
宜昌,宜昌,59,9766.0,9954.22033898305,113.0,115.0
宝应,宝应,122,9761.5,11008.72950819672,111.0,101.5
泰安,泰安,120,9761.0,10630.391666666666,106.5,109.5
聊城,聊城,120,9745.0,9914.85,94.0,94.0
长春,长春,62,9736.0,9999.258064516129,90.95,90.0
德惠,德惠,80,9691.0,10033.4375,89.4,90.83
睢宁,睢宁,124,9689.5,10184.709677419354,100.0,106.0
儋州,儋州,55,9677.0,10151.527272727273,72.0,70.0
连云港,连云港,120,9670.0,9903.191666666668,105.5,119.5
宜兴,宜兴,120,9650.5,10232.808333333332,113.5,118.275
临清,临清,76,9639.5,9127.921052631578,88.0,99.0
农安,农安,67,9615.0,9855.701492537313,86.0,91.0
启东,启东,100,9597.0,11081.46,98.15,98.25
金湖,金湖,60,9581.5,10868.35,112.5,102.5
句容,句容,119,9551.0,10338.268907563026,100.0,98.0
临沂,临沂,127,9533.0,10418.417322834646,110.0,120.0
宜都,宜都,59,9467.0,9514.322033898305,105.0,125.0
宿迁,宿迁,120,9462.0,9790.116666666667,104.0,108.37
南阳,南阳,131,9426.0,9636.221374045801,112.0,118.0
贵阳,贵阳,99,9289.0,10007.747474747475,100.0,116.0
昆明,昆明,97,9278.0,9731.041237113403,90.0,109.0
淮安,淮安,36,9257.5,10307.527777777777,111.0,108.0
枝江,枝江,38,9248.5,9140.21052631579,89.0,100.0
平湖,平湖,123,9213.0,9270.69918699187,80.0,89.0
嘉兴,Jiaxing,95,9191.0,9576.568421052632,75.0,87.0
邯郸,邯郸,114,9182.0,8710.263157894737,92.0,104.5
老河口,老河口,55,9130.0,9159.654545454545,89.1,105.0
滦县,滦县,56,9120.0,11286.32142857143,94.5,107.0
武安,武安,55,9091.0,8691.854545454546,92.0,107.0
修文,修文,84,9088.0,9573.5,100.0,112.5
承德,承德,120,9085.5,9343.958333333334,85.0,99.3
东海,东海,60,9024.5,10013.083333333334,105.0,116.5
长兴,长兴,58,9001.0,9479.362068965518,110.0,110.0
海宁,海宁,127,8929.0,9345.811023622047,80.0,89.0
威海,威海,88,8918.0,9611.227272727272,77.5,88.0
开阳,开阳,71,8909.0,9692.408450704226,100.0,115.0
西双版纳,西双版纳,140,8869.5,9865.342857142858,88.0,105.5
柳州,柳州,134,8858.0,9507.291044776119,90.0,104.05
黄山,黄山,59,8854.0,9249.271186440677,78.0,90.0
咸阳,咸阳,60,8824.0,9379.65,94.05,109.5
宜城,宜城,60,8820.0,8898.983333333334,90.0,105.3
庐江,庐江,86,8740.0,10339.197674418605,90.0,101.5
桦甸,桦甸,44,8733.0,9152.25,97.75,97.5
昌黎,昌黎,70,8718.5,8904.414285714285,69.5,84.0
新沂,新沂,113,8673.0,10210.663716814159,99.0,103.0
济宁,济宁,116,8662.0,8601.422413793103,92.5,123.95
江阴,江阴,61,8647.0,10380.95081967213,86.8,92.0
兰考,兰考,60,8626.5,9352.616666666667,90.0,112.0
深州,深州,44,8614.0,8601.34090909091,86.69999999999999,99.0
永安,永安,60,8612.0,9149.55,74.0,88.8
沭阳,沭阳,119,8592.0,8074.117647058823,95.0,118.0
邹平,邹平,118,8504.0,7841.745762711865,89.95,120.0
长治,长治,94,8476.5,8426.627659574468,91.0,104.5
蚌埠,蚌埠,98,8445.5,8486.285714285714,86.5,107.5
南安,南安,85,8433.0,10184.023529411765,87.0,118.0
五河,五河,60,8402.0,8834.0,87.5,107.0
东台,东台,120,8400.0,8953.4,89.9,105.285
绵阳,绵阳,120,8389.0,8671.133333333333,85.9,103.0
辛集,辛集,117,8376.0,10637.08547008547,89.0,96.0
九江,九江,61,8333.0,8577.606557377048,90.0,110.0
秦皇岛,秦皇岛,79,8286.0,8957.556962025317,63.5,80.0
三明,三明,120,8261.0,8507.633333333333,76.0,94.935
冀州,冀州,51,8250.0,8280.549019607843,78.6,95.0
固镇,固镇,23,8190.0,8923.434782608696,90.0,108.0
海盐,海盐,120,8187.0,8357.633333333333,68.0,87.0
玉山,玉山,60,8177.5,8239.066666666668,85.0,114.0
衡水,衡水,93,8160.0,8256.086021505376,82.0,103.0
如皋,如皋,96,8154.0,8392.614583333334,97.0,120.0
南平,南平,120,8134.5,7985.658333333334,87.5,112.0
吉安,吉安,110,8122.5,8151.209090909091,89.4,110.0
德州,德州,119,8108.0,8432.420168067227,85.0,99.0
马鞍山,马鞍山,118,8053.0,8161.483050847458,83.0,98.82
上饶,上饶,116,8033.5,8313.284482758621,91.0,119.0
浏阳,浏阳,130,8029.5,8945.2,86.0,115.5
招远,招远,146,8028.0,8966.22602739726,79.5,96.53999999999999
安庆,安庆,107,8019.0,7997.794392523365,80.0,106.0
邓州,邓州,80,7947.5,8003.7875,78.75,114.15
青龙,青龙,99,7907.0,8351.0101010101,61.0,80.0
吉林,吉林,60,7896.5,8769.55,75.4,93.0
新乡,新乡,120,7884.5,7966.183333333333,83.0,109.5
清镇,清镇,116,7884.0,8545.094827586207,82.9,117.0
林芝,林芝,71,7857.0,8394.239436619719,41.0,50.0
雅安,雅安,120,7847.5,7611.083333333333,80.0,103.5
甘孜,甘孜,32,7838.5,7625.125,74.5,99.845
临朐,临朐,60,7779.0,8234.366666666667,86.5,115.0
邢台,邢台,119,7778.0,7102.705882352941,81.0,114.0
包头,包头,140,7768.0,7606.542857142857,65.95,91.36500000000001
池州,池州,116,7762.5,7448.862068965517,75.0,102.75
迁安,迁安,101,7692.0,9912.029702970298,78.0,91.56
肥城,肥城,118,7677.0,8456.22033898305,87.95,103.5
青州,青州,94,7664.0,7816.351063829788,86.5,115.0
潍坊,潍坊,100,7657.5,8057.75,85.0,115.5
北海,北海,140,7609.0,8308.25,60.0,83.39
六安,六安,124,7589.0,7753.282258064516,80.0,104.95
新泰,新泰,120,7549.5,7980.383333333333,76.9,106.5
铜陵,铜陵,119,7531.0,7563.53781512605,75.0,105.0
荆州,荆州,120,7528.5,7507.683333333333,89.5,121.44999999999999
诸城,诸城,36,7502.5,7887.555555555556,78.4,108.0
石狮,石狮,83,7500.0,9294.204819277109,90.0,119.0
莱州,莱州,117,7487.0,8693.28205128205,68.0,93.0
清远,清远,137,7449.0,7592.912408759124,76.0,104.0
霍邱,霍邱,49,7419.0,7527.163265306122,78.0,105.0
茂名,茂名,118,7387.5,7331.296610169492,88.4,128.0
普洱,普洱,115,7381.0,7633.826086956522,70.0,105.0
常德,常德,60,7351.5,7610.166666666667,78.4,109.0
银川,银川,86,7340.0,7384.046511627907,85.25,124.5
齐河,齐河,117,7333.0,7625.324786324786,80.0,105.0
东营,东营,118,7297.0,7158.720338983051,96.5,130.75
鹤山,鹤山,118,7270.0,7469.8050847457625,74.0,100.8
莱阳,莱阳,107,7266.0,8429.794392523365,69.8,100.0
荥阳,荥阳,57,7241.0,7297.228070175439,81.0,115.0
昌邑,昌邑,91,7217.0,7450.571428571428,80.0,112.0
泰兴,泰兴,102,7200.0,7422.28431372549,85.0,117.0
滁州,滁州,117,7179.0,7128.034188034188,70.0,100.0
丰城,丰城,59,7144.0,7233.474576271186,85.0,118.7
信阳,信阳,89,7143.0,6715.752808988764,80.0,126.0
宜春,宜春,109,7104.0,7244.605504587156,79.0,116.0
高邮,高邮,120,7082.0,6864.216666666666,79.8,115.0
滨州,滨州,58,7075.5,6967.310344827586,89.5,124.0
广饶,广饶,59,7071.0,6780.983050847458,97.0,139.0
南充,南充,132,6958.5,7139.310606060606,68.0,95.0
宜宾,宜宾,118,6946.0,7308.652542372882,68.0,100.0
玉溪,玉溪,118,6908.0,7609.3050847457625,83.0,123.0
当涂,当涂,81,6824.0,7271.641975308642,69.0,95.0
余姚,余姚,117,6818.0,7380.179487179487,69.0,112.0
亳州,亳州,117,6801.0,6633.9059829059825,75.0,112.0
靖安,靖安,60,6800.5,6949.0,74.0,110.5
天水,天水,116,6784.0,6835.043103448276,61.5,99.80000000000001
昌乐,昌乐,134,6770.5,6613.111940298508,69.95,110.0
永州,永州,120,6763.5,6706.025,72.4,115.0
孝感,孝感,109,6729.0,6945.266055045871,72.0,108.0
肇庆,肇庆,123,6729.0,6933.325203252032,62.0,96.0
遵化,遵化,65,6726.0,6599.6,70.0,102.57
安丘,安丘,126,6716.0,7118.579365079365,75.5,117.0
遵义,遵义,114,6703.0,6669.578947368421,71.68,114.0
汕尾,汕尾,118,6692.5,7401.974576271186,90.0,128.0
河源,河源,118,6631.0,7132.186440677966,69.0,110.0
安阳,安阳,119,6627.0,6573.403361344538,80.0,126.0
普宁,普宁,87,6617.0,6393.735632183908,92.0,145.0
海林,海林,59,6615.0,6757.949152542373,63.5,93.0
岳阳,岳阳,112,6611.5,6687.883928571428,74.9,120.0
邹城,邹城,113,6600.0,6726.654867256637,72.0,112.0
遂宁,遂宁,57,6571.0,7495.666666666667,63.0,110.0
抚州,抚州,119,6552.0,7030.050420168067,75.0,120.0
醴陵,醴陵,65,6534.0,6571.430769230769,75.0,116.63
韶关,韶关,118,6506.0,6571.923728813559,71.75,118.5
枣阳,枣阳,118,6484.5,6923.78813559322,68.4,112.0
彭州,彭州,30,6450.0,7072.8,70.0,99.0
庆阳,庆阳,59,6429.0,6424.35593220339,77.0,126.0
资阳,资阳,102,6409.0,6619.9607843137255,61.8,92.0
揭阳,揭阳,118,6393.5,6038.745762711865,77.45,127.0
贵港,贵港,116,6379.5,6433.2155172413795,73.33500000000001,117.0
株洲,株洲,116,6377.0,6484.724137931034,74.0,120.0
西宁,西宁,60,6326.5,6201.533333333334,57.0,92.0
台山,台山,118,6311.5,6649.957627118644,68.0,111.0
德阳,德阳,120,6308.5,6802.258333333333,67.5,104.86
泸州,泸州,117,6304.0,6590.08547008547,66.0,106.0
邳州,邳州,118,6288.0,6302.5084745762715,70.0,113.2
眉山,眉山,126,6236.0,6600.158730158731,63.8,103.0
达州,达州,119,6204.0,6962.83193277311,60.0,101.0
菏泽,菏泽,120,6198.5,6336.425,68.5,123.0
滕州,滕州,116,6136.5,6076.241379310345,66.0,110.0
高密,高密,118,6130.5,6065.110169491525,63.5,97.875
恩平,恩平,119,6098.0,6213.016806722689,50.0,100.0
新丰,新丰,59,6085.0,6069.525423728814,65.0,116.0
仙桃,仙桃,120,6048.0,5956.483333333334,66.0,117.9
邵阳,邵阳,120,6038.0,5752.725,64.0,117.995
常宁,常宁,60,6034.5,5767.866666666667,69.8,115.0
海阳,海阳,120,6031.5,6424.125,48.0,80.92
梅州,梅州,110,6023.0,6613.618181818182,80.0,129.25
攸县,攸县,57,6016.0,5922.245614035088,69.8,115.0
榆林,榆林,118,6014.5,6434.076271186441,74.0,133.5
济源,济源,120,6000.5,5790.283333333334,72.5,124.0
许昌,许昌,46,6000.0,6207.326086956522,61.5,108.0
禹州,禹州,74,6000.0,6015.22972972973,66.0,112.0
鄂州,鄂州,110,6000.0,6501.945454545455,55.0,89.705
开封,开封,56,5993.0,7018.767857142857,76.5,113.0
舞钢,舞钢,92,5932.0,5992.728260869565,70.0,118.0
内江,内江,118,5925.5,5907.830508474576,55.0,92.0
广安,广安,120,5924.5,6228.958333333333,65.0,107.07
晋中,晋中,118,5924.5,6280.64406779661,65.0,111.0
衡阳,衡阳,100,5920.5,5740.42,70.0,122.22999999999999
渭南,渭南,120,5917.0,6035.441666666667,67.9,117.5
桂林,桂林,95,5917.0,6556.957894736842,64.0,114.0
陇南,陇南,45,5909.0,6335.133333333333,77.0,118.8
商丘,商丘,120,5907.0,6161.633333333333,71.0,129.0
宿州,宿州,119,5882.0,5863.27731092437,60.0,101.0
淮南,淮南,119,5876.0,5955.588235294118,60.0,98.24
德宏,德宏,112,5863.5,6764.910714285715,74.0,120.99000000000001
通辽,通辽,109,5857.0,5805.477064220184,53.0,93.0
随州,随州,90,5843.5,5969.422222222222,68.95,120.0
濮阳,濮阳,120,5833.0,5706.508333333333,54.0,108.35
郴州,郴州,119,5798.0,5935.176470588235,66.0,118.0
潮州,潮州,119,5797.0,5718.310924369748,72.0,120.0
阳春,阳春,130,5784.5,5947.1461538461535,65.0,119.75
云浮,云浮,119,5760.0,6100.142857142857,70.0,120.0
玉林,玉林,119,5741.0,5854.638655462185,63.0,112.0
晋城,晋城,118,5730.0,5755.237288135593,58.0,108.0
恩施,恩施,114,5704.5,5612.5,52.0,105.0
临沧,临沧,105,5694.0,6481.714285714285,75.0,128.0
乐山,乐山,115,5682.0,6145.95652173913,68.0,125.0
曲靖,曲靖,101,5637.0,5530.207920792079,73.0,130.0
湘潭,湘潭,60,5621.0,5816.133333333333,64.8,122.5
百色,百色,119,5620.0,5876.310924369748,68.0,118.0
淮北,淮北,120,5603.0,5689.841666666666,55.0,94.075
武威,武威,117,5565.0,5779.34188034188,63.6,103.0
益阳,益阳,120,5529.0,5539.816666666667,59.0,124.58500000000001
大庆,大庆,59,5515.0,5436.474576271186,55.0,101.4
鹰潭,鹰潭,118,5508.5,5514.593220338983,62.4,112.0
贺州,贺州,119,5481.0,5469.764705882353,78.0,136.0
沛县,沛县,118,5476.0,5261.686440677966,58.0,108.85
汉中,汉中,120,5404.5,5648.091666666666,60.0,116.85
安康,安康,118,5313.5,5706.593220338983,67.5,125.0
黄石,黄石,60,5283.0,5166.0,48.0,88.0
自贡,自贡,120,5235.5,5988.816666666667,55.4,95.5
延安,延安,119,5235.0,5300.655462184874,60.0,127.0
宝鸡,宝鸡,121,5165.0,5379.264462809917,58.0,110.0
丹东,丹东,118,5094.5,5605.974576271186,40.0,87.3
京山,京山,60,5070.5,4979.133333333333,53.5,109.5
荆门,荆门,120,5066.5,4905.858333333334,55.0,115.0
漯河,漯河,117,5055.0,5081.521367521367,54.0,115.0
梧州,梧州,119,5051.0,4901.075630252101,58.0,112.0
怀化,怀化,120,4992.0,5557.483333333334,58.9,118.0
兴安盟,兴安盟,101,4986.0,5018.940594059406,50.0,90.0
开平,开平,117,4918.0,5096.205128205128,49.8,105.0
临夏,临夏,116,4907.0,4834.198275862069,97.5,213.745
海东,海东,55,4845.0,5164.254545454545,58.0,118.86
鹤壁,鹤壁,119,4845.0,4960.27731092437,54.0,105.0
东港,东港,90,4834.0,5963.0,38.5,85.5
昭通,昭通,115,4833.0,5352.321739130435,55.1,120.0
长葛,长葛,118,4772.5,4614.71186440678,60.0,133.005
周口,周口,120,4762.0,4808.166666666667,57.5,120.60499999999999
酒泉,酒泉,118,4746.5,4916.338983050848,49.0,108.0
伊犁,伊犁,59,4737.0,4850.3050847457625,44.0,92.0
安顺,安顺,119,4662.0,5050.3865546218485,55.0,117.0
临汾,临汾,117,4659.0,5058.880341880342,50.0,113.0
十堰,十堰,118,4658.0,5292.864406779661,42.7,106.0
白银,白银,117,4651.0,5163.717948717948,50.0,99.7
楚雄,楚雄,115,4638.0,5404.75652173913,50.0,119.0
焦作,焦作,117,4634.0,5059.820512820513,50.0,122.0
娄底,娄底,119,4631.0,4700.655462184874,59.0,135.0
文山,文山,112,4596.5,5201.8125,56.5,128.95
大同,大同,119,4588.0,4987.193277310925,38.0,89.0
耒阳,耒阳,114,4571.5,4911.649122807017,50.8,118.315
锦州,锦州,120,4564.0,4975.266666666666,39.5,84.82
钦州,钦州,118,4542.0,4707.033898305085,53.05,119.345
定西,定西,118,4531.0,4828.9915254237285,49.0,103.5
崇左,崇左,120,4528.5,4991.283333333334,53.0,120.0
通化,通化,117,4519.0,4784.735042735043,39.0,88.63
延边,延边,120,4516.0,4535.666666666667,35.5,89.705
湘西,湘西,93,4483.0,4506.301075268817,46.0,106.0
新余,新余,120,4459.5,4495.6,53.0,121.9
白城,白城,119,4459.0,5026.495798319328,41.0,93.0
寿光,寿光,119,4455.0,4628.4789915966385,58.0,128.0
咸宁,咸宁,118,4415.5,4499.576271186441,49.0,115.695
巴中,巴中,118,4412.5,4488.016949152542,46.0,110.0
汝州,汝州,102,4398.0,4544.4607843137255,57.5,126.5
阳泉,阳泉,119,4375.0,4719.226890756303,45.0,98.0
潜江,潜江,119,4348.0,4389.64705882353,48.0,118.0
临猗,临猗,60,4314.0,4326.95,48.0,115.72999999999999
营口,营口,120,4314.0,4454.05,37.0,90.5
天门,天门,120,4282.0,4148.341666666666,50.0,119.75
奎屯,奎屯,88,4226.5,4375.568181818182,42.0,92.25
固原,固原,120,4222.5,4619.233333333334,45.0,109.2
松原,松原,118,4210.5,4440.1949152542375,37.5,88.63499999999999
来宾,来宾,119,4198.0,4407.35294117647,50.0,120.0
龙口,龙口,120,4184.0,4421.516666666666,31.25,75.0
辽阳,辽阳,120,4167.0,4260.516666666666,30.0,82.1
喀什,喀什,118,4160.5,4128.338983050848,42.0,99.6
铜仁,铜仁,116,4078.5,4922.586206896552,49.5,120.0
忻州,忻州,118,4067.5,4207.161016949152,44.0,103.0
黔南,黔南,117,4017.0,4568.623931623932,47.0,117.5
红河,红河,115,4016.0,4315.921739130435,45.0,114.0
安达,安达,116,4000.0,6284.232758620689,34.0,81.0
河池,河池,119,4000.0,4220.394957983193,48.0,121.0
吕梁,吕梁,116,3928.0,4128.543103448276,45.0,115.0
毕节,毕节,117,3909.0,4245.264957264957,45.0,111.0
四平,四平,119,3902.0,4165.310924369748,28.0,78.0
运城,运城,120,3884.0,4040.0333333333333,44.0,116.08
锡林浩特,锡林浩特,57,3878.0,4072.7719298245615,37.0,99.0
抚顺,抚顺,120,3869.0,4081.991666666667,31.5,80.0
朝阳,朝阳,120,3823.5,4106.775,33.5,90.36500000000001
海西,海西,20,3801.0,3864.5,38.0,103.2
中卫,中卫,118,3800.0,4283.3983050847455,38.0,98.39500000000001
乌海,乌海,120,3794.5,4084.883333333333,38.0,100.5
商洛,商洛,120,3773.5,4051.2,45.0,120.0
辽源,辽源,117,3696.0,4207.940170940171,27.0,75.0
白山,白山,120,3628.5,4100.025,31.0,82.49000000000001
盘锦,盘锦,119,3571.0,3763.4117647058824,37.0,98.0
和田,和田,27,3551.0,3570.1481481481483,40.0,108.0
库尔勒,库尔勒,59,3543.0,3593.491525423729,38.0,100.0
阿克苏,阿克苏,58,3489.5,3555.9655172413795,32.5,98.9
巴州,巴州,118,3481.0,3526.2457627118642,40.0,105.3
朔州,朔州,120,3391.5,3450.075,36.0,110.0
张掖,张掖,120,3386.5,3595.358333333333,35.0,102.5
吴忠,吴忠,119,3371.0,3643.63025210084,36.0,108.0
海城,海城,102,3359.5,3661.235294117647,27.5,84.15
哈密,哈密,118,3333.0,3794.322033898305,35.0,95.975
怀仁,怀仁,60,3329.0,3469.7,36.0,111.0
铁岭,铁岭,117,3273.0,3431.2051282051284,25.0,80.0
鞍山,鞍山,59,3219.0,3678.9661016949153,26.0,80.0
台安,台安,59,3219.0,3678.9661016949153,26.0,80.0
阜新,阜新,118,3155.0,3331.906779661017,23.0,88.0
黑河,黑河,114,3101.0,3765.1403508771928,26.2,84.6
金昌,金昌,101,3100.0,3317.3168316831684,31.0,99.8
绥化,绥化,60,3088.5,3294.1833333333334,23.5,80.0
鸡西,鸡西,117,2963.0,3136.5555555555557,20.0,73.0
双鸭山,双鸭山,118,2202.0,2576.1186440677966,19.0,78.0
鹤岗,鹤岗,73,2174.0,2283.150684931507,15.0,71.47
